race_id,日付,会場,芝ダ,現在馬場_芝,現在馬場_ダート,推定馬場_芝,推定馬場_ダート,クッション値,含水率,降水量_mm,天候,使用コース,取得状態,記録日時
20260704_fs10,20260704,福島,dart,重,不良,重,不良,,,,曇,A,手動,2026-07-04 01:02:50
20260704_fs11,20260704,福島,dart,重,不良,重,不良,,,,曇,A,手動,2026-07-04 01:02:56
20260704_fs12,20260704,福島,turf,重,不良,重,不良,,,,曇,A,手動,2026-07-04 01:03:00
20260704_fs8,20260704,福島,dart,重,不良,重,不良,,,,曇,A,手動,2026-07-04 01:03:03
20260704_fs9,20260704,福島,turf,重,不良,重,不良,,,,曇,A,手動,2026-07-04 01:03:07
20260704_hd10,20260704,函館,dart,良,良,良,良,,,,晴,A,手動,2026-07-04 01:03:12
20260704_hd11,20260704,函館,turf,良,良,良,良,,,,晴,A,手動,2026-07-04 01:03:16
20260704_hd12,20260704,函館,dart,良,良,良,良,,,,晴,A,手動,2026-07-04 01:03:21
20260704_hd7,20260704,函館,turf,良,良,良,良,,,,晴,A,手動,2026-07-04 01:03:27
20260704_hd8,20260704,函館,turf,良,良,良,良,,,,晴,A,手動,2026-07-04 01:03:31
20260704_hd9,20260704,函館,turf,良,良,良,良,,,,晴,A,手動,2026-07-04 01:03:36
20260704_kk10,20260704,小倉,dart,良,稍重,良,稍重,,,,曇,A,手動,2026-07-04 01:03:40
20260704_kk11,20260704,小倉,turf,良,稍重,良,稍重,,,,曇,A,手動,2026-07-04 01:03:45
20260704_kk12,20260704,小倉,turf,良,稍重,良,稍重,,,,曇,A,手動,2026-07-04 01:03:49
20260704_kk8,20260704,小倉,dart,良,稍重,良,稍重,,,,曇,A,手動,2026-07-04 01:03:54
20260704_kk9,20260704,小倉,turf,良,稍重,良,稍重,,,,曇,A,手動,2026-07-04 01:03:58
20260705_fs10,20260705,福島,turf,稍重,稍重,稍重,稍重,,,,曇,A,手動,2026-07-04 22:46:33
20260705_fs11,20260705,福島,dart,稍重,稍重,稍重,稍重,,,,曇,A,手動,2026-07-04 22:46:37
20260705_fs12,20260705,福島,dart,稍重,稍重,稍重,稍重,,,,曇,A,手動,2026-07-04 22:46:40
20260705_fs7,20260705,福島,dart,稍重,稍重,稍重,稍重,,,,曇,A,手動,2026-07-04 22:46:44
20260705_fs8,20260705,福島,turf,稍重,稍重,稍重,稍重,,,,曇,A,手動,2026-07-04 22:46:47
20260705_fs9,20260705,福島,turf,稍重,稍重,稍重,稍重,,,,曇,A,手動,2026-07-04 22:46:51
20260705_hd10,20260705,函館,turf,良,良,良,良,,,,晴,A,手動,2026-07-04 22:46:56
20260705_hd11,20260705,函館,dart,良,良,良,良,,,,晴,A,手動,2026-07-04 22:47:01
20260705_hd12,20260705,函館,turf,良,良,良,良,,,,晴,A,手動,2026-07-04 22:47:06
20260705_hd7,20260705,函館,dart,良,良,良,良,,,,晴,A,手動,2026-07-04 22:47:12
20260705_hd8,20260705,函館,dart,良,良,良,良,,,,晴,A,手動,2026-07-04 22:47:17
20260705_hd9,20260705,函館,turf,良,良,良,良,,,,晴,A,手動,2026-07-04 22:47:21
20260705_kk10,20260705,小倉,dart,良,稍重,良,稍重,,,,曇,A,手動,2026-07-04 22:47:25
20260705_kk11,20260705,小倉,turf,良,稍重,良,稍重,,,,曇,A,手動,2026-07-04 22:47:29
20260705_kk12,20260705,小倉,dart,良,稍重,良,稍重,,,,曇,A,手動,2026-07-04 22:47:32
20260705_kk8,20260705,小倉,turf,良,稍重,良,稍重,,,,曇,A,手動,2026-07-04 22:47:36
20260705_kk9,20260705,小倉,turf,良,稍重,良,稍重,,,,曇,A,手動,2026-07-04 22:47:39
20260711_fs10,20260711,福島,turf,良,良,良,良,,,,晴,B,手動,2026-07-11 00:02:59
20260711_fs12,20260711,福島,dart,良,良,良,良,,,,晴,B,手動,2026-07-11 00:03:10
20260711_fs7,20260711,福島,turf,良,良,良,良,,,,晴,B,手動,2026-07-11 00:03:14
20260711_fs8,20260711,福島,dart,良,良,良,良,,,,晴,B,手動,2026-07-11 00:03:18
20260711_fs9,20260711,福島,turf,良,良,良,良,,,,晴,B,手動,2026-07-11 00:03:22
20260711_kk10,20260711,小倉,turf,良,良,良,良,,,,晴,A,手動,2026-07-11 00:03:56
20260711_kk11,20260711,小倉,dart,良,良,良,良,,,,晴,A,手動,2026-07-11 00:04:00
20260711_kk12,20260711,小倉,turf,良,良,良,良,,,,晴,A,手動,2026-07-11 00:04:03
20260711_kk7,20260711,小倉,turf,良,良,良,良,,,,晴,A,手動,2026-07-11 00:04:08
20260711_kk8,20260711,小倉,dart,良,良,良,良,,,,晴,A,手動,2026-07-11 00:04:12
20260711_kk9,20260711,小倉,turf,良,良,良,良,,,,晴,A,手動,2026-07-11 00:04:16
20260711_fs11,20260711,福島,turf,良,良,良,良,,,,晴,B,手動,2026-07-11 00:11:32
20260711_hd10,20260711,函館,turf,稍重,重,稍重,重,,,,曇,B,手動,2026-07-11 00:48:46
20260711_hd11,20260711,函館,turf,稍重,重,稍重,重,,,,曇,B,手動,2026-07-11 00:48:54
20260711_hd12,20260711,函館,dart,稍重,重,稍重,重,,,,曇,B,手動,2026-07-11 00:49:00
20260711_hd7,20260711,函館,turf,稍重,重,稍重,重,,,,曇,B,手動,2026-07-11 00:49:07
20260711_hd8,20260711,函館,dart,稍重,重,稍重,重,,,,曇,B,手動,2026-07-11 00:49:11
20260711_hd9,20260711,函館,turf,稍重,重,稍重,重,,,,曇,B,手動,2026-07-11 00:49:15
20260712_fs10,20260712,福島,dart,良,良,良,良,,,,,B,確定,2026-07-11 20:07:00
20260712_fs11,20260712,福島,turf,良,良,良,良,,,,,B,確定,2026-07-11 20:07:02
20260712_fs12,20260712,福島,dart,良,良,良,良,,,,,B,確定,2026-07-11 20:07:04
20260712_fs8,20260712,福島,turf,良,良,良,良,,,,,B,確定,2026-07-11 20:07:06
20260712_fs9,20260712,福島,turf,良,良,良,良,,,,,B,確定,2026-07-11 20:07:07
20260712_hd10,20260712,函館,dart,稍重,重,稍重,重,,,,,B,確定,2026-07-11 20:07:10
20260712_hd11,20260712,函館,turf,稍重,重,稍重,重,,,,,B,確定,2026-07-11 20:07:12
20260712_hd12,20260712,函館,turf,稍重,重,稍重,重,,,,,B,確定,2026-07-11 20:07:15
20260712_hd7,20260712,函館,dart,稍重,重,稍重,重,,,,,B,確定,2026-07-11 20:07:17
20260712_hd8,20260712,函館,dart,稍重,重,稍重,重,,,,,B,確定,2026-07-11 20:07:19
20260712_hd9,20260712,函館,turf,稍重,重,稍重,重,,,,,B,確定,2026-07-11 20:07:21
20260712_kk10,20260712,小倉,turf,良,良,良,良,,,,,A,確定,2026-07-11 20:07:24
20260712_kk11,20260712,小倉,dart,良,良,良,良,,,,,A,確定,2026-07-11 20:07:26
20260712_kk12,20260712,小倉,turf,良,良,良,良,,,,,A,確定,2026-07-11 20:07:28
20260712_kk7,20260712,小倉,dart,良,良,良,良,,,,,A,確定,2026-07-11 20:07:30
20260712_kk8,20260712,小倉,turf,良,良,良,良,,,,,A,確定,2026-07-11 20:07:32
20260712_kk9,20260712,小倉,dart,良,良,良,良,,,,,A,確定,2026-07-11 20:07:34
20260718_fs10,20260718,福島,dart,良,良,良,良,,,,曇,B,手動,2026-07-17 22:22:41
20260718_fs11,20260718,福島,turf,良,良,良,良,,,,曇,B,手動,2026-07-17 22:23:04
20260718_fs12,20260718,福島,dart,良,良,良,良,,,,曇,B,手動,2026-07-17 22:23:08
20260718_fs8,20260718,福島,turf,良,良,良,良,,,,曇,B,手動,2026-07-17 22:23:12
20260718_fs9,20260718,福島,turf,良,良,良,良,,,,曇,B,手動,2026-07-17 22:23:15
20260718_hd10,20260718,函館,turf,良,良,良,良,,,,晴,B,手動,2026-07-17 22:23:19
20260718_hd11,20260718,函館,dart,良,良,良,良,,,,晴,B,手動,2026-07-17 22:23:25
20260718_hd12,20260718,函館,turf,良,良,良,良,,,,晴,B,手動,2026-07-17 22:23:30
20260718_hd7,20260718,函館,dart,良,良,良,良,,,,晴,B,手動,2026-07-17 22:23:34
20260718_hd8,20260718,函館,turf,良,良,良,良,,,,晴,B,手動,2026-07-17 22:23:39
20260718_hd9,20260718,函館,turf,良,良,良,良,,,,晴,B,手動,2026-07-17 22:23:43
20260718_kk10,20260718,小倉,dart,稍重,稍重,稍重,稍重,,,,曇,A,手動,2026-07-17 22:23:46
20260718_kk11,20260718,小倉,turf,稍重,稍重,稍重,稍重,,,,曇,A,手動,2026-07-17 22:23:50
20260718_kk12,20260718,小倉,dart,稍重,稍重,稍重,稍重,,,,曇,A,手動,2026-07-17 22:23:53
20260718_kk8,20260718,小倉,turf,稍重,稍重,稍重,稍重,,,,曇,A,手動,2026-07-17 22:23:58
20260719_fs10,20260719,福島,turf,良,良,良,良,9.6,,,,B,確定,2026-07-19 01:17:40
20260719_fs11,20260719,福島,dart,良,良,良,良,9.6,,,,B,確定,2026-07-19 01:17:42
20260719_fs12,20260719,福島,dart,良,良,良,良,9.6,,,,B,確定,2026-07-19 01:17:44
20260719_fs8,20260719,福島,turf,良,良,良,良,9.6,,,,B,確定,2026-07-19 01:17:46
20260719_fs9,20260719,福島,turf,良,良,良,良,9.6,,,,B,確定,2026-07-19 01:17:47
20260719_hd10,20260719,函館,dart,良,良,良,良,7.7,,,,B,確定,2026-07-19 01:17:50
20260719_hd12,20260719,函館,turf,良,良,良,良,7.7,,,,B,確定,2026-07-19 01:17:53
20260719_hd7,20260719,函館,dart,良,良,良,良,7.7,,,,B,確定,2026-07-19 01:17:56
20260719_hd8,20260719,函館,dart,良,良,良,良,7.7,,,,B,確定,2026-07-19 01:17:58
20260719_hd9,20260719,函館,turf,良,良,良,良,7.7,,,,B,確定,2026-07-19 01:18:01
20260719_kk10,20260719,小倉,dart,良,良,良,良,9.7,,,,A,確定,2026-07-19 01:18:04
20260719_kk11,20260719,小倉,turf,良,良,良,良,9.7,,,,A,確定,2026-07-19 01:18:06
20260719_kk12,20260719,小倉,turf,良,良,良,良,9.7,,,,A,確定,2026-07-19 01:18:08
20260719_kk7,20260719,小倉,turf,良,良,良,良,9.7,,,,A,確定,2026-07-19 01:18:10
20260719_kk8,20260719,小倉,dart,良,良,良,良,9.7,,,,A,確定,2026-07-19 01:18:13
20260719_kk9,20260719,小倉,turf,良,良,良,良,9.7,,,,A,確定,2026-07-19 01:18:15
20260725_ck10,20260725,中京,dart,良,良,良,良,9.9,,0.0,晴,A,手動,2026-07-25 16:11:39
20260725_ck11,20260725,中京,turf,良,良,良,良,9.9,,0.0,晴,A,手動,2026-07-25 16:11:42
20260725_ck6,20260725,中京,dart,良,良,良,良,9.9,,0.0,晴,A,手動,2026-07-25 16:11:46
20260725_ck7,20260725,中京,turf,良,良,良,良,9.9,,0.0,晴,A,手動,2026-07-25 16:11:51
20260725_ck8,20260725,中京,turf,良,良,良,良,9.9,,0.0,晴,A,手動,2026-07-25 16:11:55
20260725_ck9,20260725,中京,dart,良,良,良,良,9.9,,0.0,晴,A,手動,2026-07-25 16:11:59
20260725_ng12,20260725,新潟,turf,稍重,重,稍重,重,9.6,,0.0,小雨,A,手動,2026-07-25 16:12:02
20260725_ng5,20260725,新潟,turf,稍重,重,稍重,重,9.6,,0.0,小雨,A,手動,2026-07-25 16:12:05
20260725_ng6,20260725,新潟,turf,稍重,重,稍重,重,9.6,,0.0,小雨,A,手動,2026-07-25 16:12:07
20260725_ng7,20260725,新潟,turf,稍重,重,稍重,重,9.6,,0.0,小雨,A,手動,2026-07-25 16:12:10
20260725_ng8,20260725,新潟,dart,稍重,重,稍重,重,9.6,,0.0,小雨,A,手動,2026-07-25 16:12:12
20260725_sp10,20260725,札幌,turf,良,良,良,良,7.6,,0.0,晴,A,手動,2026-07-25 16:12:16
20260725_sp11,20260725,札幌,turf,良,良,良,良,7.6,,0.0,晴,A,手動,2026-07-25 16:12:20
20260725_sp12,20260725,札幌,dart,良,良,良,良,7.6,,0.0,晴,A,手動,2026-07-25 16:12:25
20260725_sp7,20260725,札幌,turf,良,良,良,良,7.6,,0.0,晴,A,手動,2026-07-25 16:12:29
20260725_sp8,20260725,札幌,dart,良,良,良,良,7.6,,0.0,晴,A,手動,2026-07-25 16:12:34
20260725_sp9,20260725,札幌,turf,良,良,良,良,7.6,,0.0,晴,A,手動,2026-07-25 16:12:38
20260726_ck10,20260726,中京,dart,良,良,良,良,9.9,,,晴,A,手動,2026-07-25 23:08:00
20260726_ck11,20260726,中京,turf,良,良,良,良,9.9,,,晴,A,手動,2026-07-25 23:08:03
20260726_ck6,20260726,中京,turf,良,良,良,良,9.9,,,晴,A,手動,2026-07-25 23:08:05
20260726_ck7,20260726,中京,dart,良,良,良,良,9.9,,,晴,A,手動,2026-07-25 23:08:07
20260726_ck8,20260726,中京,dart,良,良,良,良,9.9,,,晴,A,手動,2026-07-25 23:08:08
20260726_ck9,20260726,中京,turf,良,良,良,良,9.9,,,晴,A,手動,2026-07-25 23:08:11
20260726_ng11,20260726,新潟,turf,良,稍重,良,稍重,9.6,,,曇,A,手動,2026-07-25 23:08:12
20260726_ng5,20260726,新潟,dart,良,稍重,良,稍重,9.6,,,曇,A,手動,2026-07-25 23:08:14
20260726_ng6,20260726,新潟,dart,良,稍重,良,稍重,9.6,,,曇,A,手動,2026-07-25 23:08:15
20260726_ng7,20260726,新潟,turf,良,稍重,良,稍重,9.6,,,曇,A,手動,2026-07-25 23:08:17
20260726_ng8,20260726,新潟,dart,良,稍重,良,稍重,9.6,,,曇,A,手動,2026-07-25 23:08:19
20260726_sp10,20260726,札幌,turf,良,良,良,良,7.6,,,曇,A,手動,2026-07-25 23:08:21
20260726_sp11,20260726,札幌,turf,良,良,良,良,7.6,,,曇,A,手動,2026-07-25 23:08:23
20260726_sp12,20260726,札幌,turf,良,良,良,良,7.6,,,曇,A,手動,2026-07-25 23:08:26
20260726_sp7,20260726,札幌,dart,良,良,良,良,7.6,,,曇,A,手動,2026-07-25 23:08:28
20260726_sp8,20260726,札幌,turf,良,良,良,良,7.6,,,曇,A,手動,2026-07-25 23:08:30
20260726_sp9,20260726,札幌,dart,良,良,良,良,7.6,,,曇,A,手動,2026-07-25 23:08:33
